file_name;key_repr
xortool_out/000.out;b'ZA\x99\xbb'
xortool_out/001.out;b'[@\x98\xba'
xortool_out/002.out;b'XC\x9b\xb9'
xortool_out/003.out;b'YB\x9a\xb8'
xortool_out/004.out;b'^E\x9d\xbf'
xortool_out/005.out;b'_D\x9c\xbe'
xortool_out/006.out;b'\\G\x9f\xbd'
xortool_out/007.out;b']F\x9e\xbc'
xortool_out/008.out;b'RI\x91\xb3'
xortool_out/009.out;b'SH\x90\xb2'
xortool_out/010.out;b'PK\x93\xb1'
xortool_out/011.out;b'QJ\x92\xb0'
xortool_out/012.out;b'VM\x95\xb7'
xortool_out/013.out;b'WL\x94\xb6'
xortool_out/014.out;b'TO\x97\xb5'
xortool_out/015.out;b'UN\x96\xb4'
xortool_out/016.out;b'JQ\x89\xab'
xortool_out/017.out;b'KP\x88\xaa'
xortool_out/018.out;b'HS\x8b\xa9'
xortool_out/019.out;b'IR\x8a\xa8'
xortool_out/020.out;b'NU\x8d\xaf'
xortool_out/021.out;b'OT\x8c\xae'
xortool_out/022.out;b'LW\x8f\xad'
xortool_out/023.out;b'MV\x8e\xac'
xortool_out/024.out;b'BY\x81\xa3'
xortool_out/025.out;b'CX\x80\xa2'
xortool_out/026.out;b'@[\x83\xa1'
xortool_out/027.out;b'AZ\x82\xa0'
xortool_out/028.out;b'F]\x85\xa7'
xortool_out/029.out;b'G\\\x84\xa6'
xortool_out/030.out;b'D_\x87\xa5'
xortool_out/031.out;b'E^\x86\xa4'
xortool_out/032.out;b'za\xb9\x9b'
xortool_out/033.out;b'{`\xb8\x9a'
xortool_out/034.out;b'xc\xbb\x99'
xortool_out/035.out;b'yb\xba\x98'
xortool_out/036.out;b'~e\xbd\x9f'
xortool_out/037.out;b'\x7fd\xbc\x9e'
xortool_out/038.out;b'|g\xbf\x9d'
xortool_out/039.out;b'}f\xbe\x9c'
xortool_out/040.out;b'ri\xb1\x93'
xortool_out/041.out;b'sh\xb0\x92'
xortool_out/042.out;b'pk\xb3\x91'
xortool_out/043.out;b'qj\xb2\x90'
xortool_out/044.out;b'vm\xb5\x97'
xortool_out/045.out;b'wl\xb4\x96'
xortool_out/046.out;b'to\xb7\x95'
xortool_out/047.out;b'un\xb6\x94'
xortool_out/048.out;b'jq\xa9\x8b'
xortool_out/049.out;b'kp\xa8\x8a'
xortool_out/050.out;b'hs\xab\x89'
xortool_out/051.out;b'ir\xaa\x88'
xortool_out/052.out;b'nu\xad\x8f'
xortool_out/053.out;b'ot\xac\x8e'
xortool_out/054.out;b'lw\xaf\x8d'
xortool_out/055.out;b'mv\xae\x8c'
xortool_out/056.out;b'by\xa1\x83'
xortool_out/057.out;b'cx\xa0\x82'
xortool_out/058.out;b'`{\xa3\x81'
xortool_out/059.out;b'az\xa2\x80'
xortool_out/060.out;b'f}\xa5\x87'
xortool_out/061.out;b'g|\xa4\x86'
xortool_out/062.out;b'd\x7f\xa7\x85'
xortool_out/063.out;b'e~\xa6\x84'
xortool_out/064.out;b'\x1a\x01\xd9\xfb'
xortool_out/065.out;b'\x1b\x00\xd8\xfa'
xortool_out/066.out;b'\x18\x03\xdb\xf9'
xortool_out/067.out;b'\x19\x02\xda\xf8'
xortool_out/068.out;b'\x1e\x05\xdd\xff'
xortool_out/069.out;b'\x1f\x04\xdc\xfe'
xortool_out/070.out;b'\x1c\x07\xdf\xfd'
xortool_out/071.out;b'\x1d\x06\xde\xfc'
xortool_out/072.out;b'\x12\t\xd1\xf3'
xortool_out/073.out;b'\x13\x08\xd0\xf2'
xortool_out/074.out;b'\x10\x0b\xd3\xf1'
xortool_out/075.out;b'\x11\n\xd2\xf0'
xortool_out/076.out;b'\x16\r\xd5\xf7'
xortool_out/077.out;b'\x17\x0c\xd4\xf6'
xortool_out/078.out;b'\x14\x0f\xd7\xf5'
xortool_out/079.out;b'\x15\x0e\xd6\xf4'
xortool_out/080.out;b'\n\x11\xc9\xeb'
xortool_out/081.out;b'\x0b\x10\xc8\xea'
xortool_out/082.out;b'\x08\x13\xcb\xe9'
xortool_out/083.out;b'\t\x12\xca\xe8'
xortool_out/084.out;b'\x0e\x15\xcd\xef'
xortool_out/085.out;b'\x0f\x14\xcc\xee'
xortool_out/086.out;b'\x0c\x17\xcf\xed'
xortool_out/087.out;b'\r\x16\xce\xec'
xortool_out/088.out;b'\x02\x19\xc1\xe3'
xortool_out/089.out;b'\x03\x18\xc0\xe2'
xortool_out/090.out;b'\x00\x1b\xc3\xe1'
xortool_out/091.out;b'\x01\x1a\xc2\xe0'
xortool_out/092.out;b'\x06\x1d\xc5\xe7'
xortool_out/093.out;b'\x07\x1c\xc4\xe6'
xortool_out/094.out;b'\x04\x1f\xc7\xe5'
xortool_out/095.out;b'\x05\x1e\xc6\xe4'
xortool_out/096.out;b':!\xf9\xdb'
xortool_out/097.out;b'; \xf8\xda'
xortool_out/098.out;b'8#\xfb\xd9'
xortool_out/099.out;b'9"\xfa\xd8'
xortool_out/100.out;b'>%\xfd\xdf'
xortool_out/101.out;b'?$\xfc\xde'
xortool_out/102.out;b"<'\xff\xdd"
xortool_out/103.out;b'=&\xfe\xdc'
xortool_out/104.out;b'2)\xf1\xd3'
xortool_out/105.out;b'3(\xf0\xd2'
xortool_out/106.out;b'0+\xf3\xd1'
xortool_out/107.out;b'1*\xf2\xd0'
xortool_out/108.out;b'6-\xf5\xd7'
xortool_out/109.out;b'7,\xf4\xd6'
xortool_out/110.out;b'4/\xf7\xd5'
xortool_out/111.out;b'5.\xf6\xd4'
xortool_out/112.out;b'*1\xe9\xcb'
xortool_out/113.out;b'+0\xe8\xca'
xortool_out/114.out;b'(3\xeb\xc9'
xortool_out/115.out;b')2\xea\xc8'
xortool_out/116.out;b'.5\xed\xcf'
xortool_out/117.out;b'/4\xec\xce'
xortool_out/118.out;b',7\xef\xcd'
xortool_out/119.out;b'-6\xee\xcc'
xortool_out/120.out;b'"9\xe1\xc3'
xortool_out/121.out;b'#8\xe0\xc2'
xortool_out/122.out;b' ;\xe3\xc1'
xortool_out/123.out;b'!:\xe2\xc0'
xortool_out/124.out;b'&=\xe5\xc7'
xortool_out/125.out;b"'<\xe4\xc6"
xortool_out/126.out;b'$?\xe7\xc5'
xortool_out/127.out;b'%>\xe6\xc4'
xortool_out/128.out;b'\xda\xc1\x19;'
xortool_out/129.out;b'\xdb\xc0\x18:'
xortool_out/130.out;b'\xd8\xc3\x1b9'
xortool_out/131.out;b'\xd9\xc2\x1a8'
xortool_out/132.out;b'\xde\xc5\x1d?'
xortool_out/133.out;b'\xdf\xc4\x1c>'
xortool_out/134.out;b'\xdc\xc7\x1f='
xortool_out/135.out;b'\xdd\xc6\x1e<'
xortool_out/136.out;b'\xd2\xc9\x113'
xortool_out/137.out;b'\xd3\xc8\x102'
xortool_out/138.out;b'\xd0\xcb\x131'
xortool_out/139.out;b'\xd1\xca\x120'
xortool_out/140.out;b'\xd6\xcd\x157'
xortool_out/141.out;b'\xd7\xcc\x146'
xortool_out/142.out;b'\xd4\xcf\x175'
xortool_out/143.out;b'\xd5\xce\x164'
xortool_out/144.out;b'\xca\xd1\t+'
xortool_out/145.out;b'\xcb\xd0\x08*'
xortool_out/146.out;b'\xc8\xd3\x0b)'
xortool_out/147.out;b'\xc9\xd2\n('
xortool_out/148.out;b'\xce\xd5\r/'
xortool_out/149.out;b'\xcf\xd4\x0c.'
xortool_out/150.out;b'\xcc\xd7\x0f-'
xortool_out/151.out;b'\xcd\xd6\x0e,'
xortool_out/152.out;b'\xc2\xd9\x01#'
xortool_out/153.out;b'\xc3\xd8\x00"'
xortool_out/154.out;b'\xc0\xdb\x03!'
xortool_out/155.out;b'\xc1\xda\x02 '
xortool_out/156.out;b"\xc6\xdd\x05'"
xortool_out/157.out;b'\xc7\xdc\x04&'
xortool_out/158.out;b'\xc4\xdf\x07%'
xortool_out/159.out;b'\xc5\xde\x06$'
xortool_out/160.out;b'\xfa\xe19\x1b'
xortool_out/161.out;b'\xfb\xe08\x1a'
xortool_out/162.out;b'\xf8\xe3;\x19'
xortool_out/163.out;b'\xf9\xe2:\x18'
xortool_out/164.out;b'\xfe\xe5=\x1f'
xortool_out/165.out;b'\xff\xe4<\x1e'
xortool_out/166.out;b'\xfc\xe7?\x1d'
xortool_out/167.out;b'\xfd\xe6>\x1c'
xortool_out/168.out;b'\xf2\xe91\x13'
xortool_out/169.out;b'\xf3\xe80\x12'
xortool_out/170.out;b'\xf0\xeb3\x11'
xortool_out/171.out;b'\xf1\xea2\x10'
xortool_out/172.out;b'\xf6\xed5\x17'
xortool_out/173.out;b'\xf7\xec4\x16'
xortool_out/174.out;b'\xf4\xef7\x15'
xortool_out/175.out;b'\xf5\xee6\x14'
xortool_out/176.out;b'\xea\xf1)\x0b'
xortool_out/177.out;b'\xeb\xf0(\n'
xortool_out/178.out;b'\xe8\xf3+\t'
xortool_out/179.out;b'\xe9\xf2*\x08'
xortool_out/180.out;b'\xee\xf5-\x0f'
xortool_out/181.out;b'\xef\xf4,\x0e'
xortool_out/182.out;b'\xec\xf7/\r'
xortool_out/183.out;b'\xed\xf6.\x0c'
xortool_out/184.out;b'\xe2\xf9!\x03'
xortool_out/185.out;b'\xe3\xf8 \x02'
xortool_out/186.out;b'\xe0\xfb#\x01'
xortool_out/187.out;b'\xe1\xfa"\x00'
xortool_out/188.out;b'\xe6\xfd%\x07'
xortool_out/189.out;b'\xe7\xfc$\x06'
xortool_out/190.out;b"\xe4\xff'\x05"
xortool_out/191.out;b'\xe5\xfe&\x04'
xortool_out/192.out;b'\x9a\x81Y{'
xortool_out/193.out;b'\x9b\x80Xz'
xortool_out/194.out;b'\x98\x83[y'
xortool_out/195.out;b'\x99\x82Zx'
xortool_out/196.out;b'\x9e\x85]\x7f'
xortool_out/197.out;b'\x9f\x84\\~'
xortool_out/198.out;b'\x9c\x87_}'
xortool_out/199.out;b'\x9d\x86^|'
xortool_out/200.out;b'\x92\x89Qs'
xortool_out/201.out;b'\x93\x88Pr'
xortool_out/202.out;b'\x90\x8bSq'
xortool_out/203.out;b'\x91\x8aRp'
xortool_out/204.out;b'\x96\x8dUw'
xortool_out/205.out;b'\x97\x8cTv'
xortool_out/206.out;b'\x94\x8fWu'
xortool_out/207.out;b'\x95\x8eVt'
xortool_out/208.out;b'\x8a\x91Ik'
xortool_out/209.out;b'\x8b\x90Hj'
xortool_out/210.out;b'\x88\x93Ki'
xortool_out/211.out;b'\x89\x92Jh'
xortool_out/212.out;b'\x8e\x95Mo'
xortool_out/213.out;b'\x8f\x94Ln'
xortool_out/214.out;b'\x8c\x97Om'
xortool_out/215.out;b'\x8d\x96Nl'
xortool_out/216.out;b'\x82\x99Ac'
xortool_out/217.out;b'\x83\x98@b'
xortool_out/218.out;b'\x80\x9bCa'
xortool_out/219.out;b'\x81\x9aB`'
xortool_out/220.out;b'\x86\x9dEg'
xortool_out/221.out;b'\x87\x9cDf'
xortool_out/222.out;b'\x84\x9fGe'
xortool_out/223.out;b'\x85\x9eFd'
xortool_out/224.out;b'\xba\xa1y['
xortool_out/225.out;b'\xbb\xa0xZ'
xortool_out/226.out;b'\xb8\xa3{Y'
xortool_out/227.out;b'\xb9\xa2zX'
xortool_out/228.out;b'\xbe\xa5}_'
xortool_out/229.out;b'\xbf\xa4|^'
xortool_out/230.out;b'\xbc\xa7\x7f]'
xortool_out/231.out;b'\xbd\xa6~\\'
xortool_out/232.out;b'\xb2\xa9qS'
xortool_out/233.out;b'\xb3\xa8pR'
xortool_out/234.out;b'\xb0\xabsQ'
xortool_out/235.out;b'\xb1\xaarP'
xortool_out/236.out;b'\xb6\xaduW'
xortool_out/237.out;b'\xb7\xactV'
xortool_out/238.out;b'\xb4\xafwU'
xortool_out/239.out;b'\xb5\xaevT'
xortool_out/240.out;b'\xaa\xb1iK'
xortool_out/241.out;b'\xab\xb0hJ'
xortool_out/242.out;b'\xa8\xb3kI'
xortool_out/243.out;b'\xa9\xb2jH'
xortool_out/244.out;b'\xae\xb5mO'
xortool_out/245.out;b'\xaf\xb4lN'
xortool_out/246.out;b'\xac\xb7oM'
xortool_out/247.out;b'\xad\xb6nL'
xortool_out/248.out;b'\xa2\xb9aC'
xortool_out/249.out;b'\xa3\xb8`B'
xortool_out/250.out;b'\xa0\xbbcA'
xortool_out/251.out;b'\xa1\xbab@'
xortool_out/252.out;b'\xa6\xbdeG'
xortool_out/253.out;b'\xa7\xbcdF'
xortool_out/254.out;b'\xa4\xbfgE'
xortool_out/255.out;b'\xa5\xbefD'
